job,website,company,salary
Python开发工程师（北京）,http://company.zhaopin.com/CZ562550030.htm,深圳市八斗才数据有限公司,15000-25000
Python开发工程师待遇从优,http://company.zhaopin.com/CC514689632.htm,广州胖虾网络科技有限公司,4001-6000
高级Python开发工程师,http://company.zhaopin.com/CC444394731.htm,成安(北京)科技发展有限公司,30000-40000
python全栈开发工程师,http://company.zhaopin.com/CC174786810D90250062000.htm,大唐奇安网络科技有限公司,10000-20000
Python开发工程师,http://company.zhaopin.com/CC693696125.htm,乐飞天下信息技术(北京)有限公司,15001-20000
Python开发工程师,http://company.zhaopin.com/%E4%BC%98%E8%B4%AD%E7%A7%91%E6%8A%80%E6%9C%89%E9%99%90%E5%85%AC%E5%8F%B8_CC420891816.htm,优购科技有限公司,10001-15000
python开发工程师,http://company.zhaopin.com/%E4%BA%91%E5%92%8C%E6%81%A9%E5%A2%A8%28%E5%8C%97%E4%BA%AC%29%E4%BF%A1%E6%81%AF%E6%8A%80%E6%9C%AF%E6%9C%89%E9%99%90%E5%85%AC%E5%8F%B8_CC401559422.htm,云和恩墨(北京)信息技术有限公司,15000-18000
Python开发工程师,http://company.zhaopin.com/CC511978684.htm,中智教育科技有限公司,10001-15000
python开发工程师,http://company.zhaopin.com/%E5%A4%A7%E5%94%90%E8%81%94%E8%AF%9A%E4%BF%A1%E6%81%AF%E7%B3%BB%E7%BB%9F%E6%8A%80%E6%9C%AF%E6%9C%89%E9%99%90%E5%85%AC%E5%8F%B8_CC174786810D90000028000.htm,大唐联诚信息系统技术有限公司,9000-18000
服务端开发工程师（C++、Python、Golang）,http://company.zhaopin.com/CZ246362730.htm,北京奇安信科技有限公司,15000-30000
"Web前/后端开发工程师（PHP,Python）",http://company.zhaopin.com/CZ246362730.htm,北京奇安信科技有限公司,15000-30000
后台开发工程师（Python）,http://company.zhaopin.com/CC482177434.htm,北京厨芯科技有限公司,20001-30000
Python开发工程师,http://company.zhaopin.com/CC626779422.htm,北京一点网聚信息技术有限公司,20000-40000
Python开发工程师,http://company.zhaopin.com/CC157238429.htm,北京首跃科技有限公司,15001-20000
Python开发工程师,http://company.zhaopin.com/CC230388786.htm,北京微迅联创科技有限公司,20000-35000
Python中高级开发工程师,http://company.zhaopin.com/CC655747121.htm,中科富创(北京)科技有限公司,20000-30000
Python软件开发工程师,http://company.zhaopin.com/CC394261836.htm,叠云(北京)科技股份有限公司,6000-12000
Python爬虫开发工程师,http://company.zhaopin.com/CZ408806830.htm,北京斯图飞腾科技有限公司,15000-25000
python中高级开发工程师,http://company.zhaopin.com/CZ132535540.htm,北京爱知世元网络科技发展有限公司,15001-20000
Python开发工程师（北京）,http://company.zhaopin.com/CZ562550030.htm,深圳市八斗才数据有限公司,15000-25000
Python开发工程师待遇从优,http://company.zhaopin.com/CC514689632.htm,广州胖虾网络科技有限公司,4001-6000
高级Python开发工程师,http://company.zhaopin.com/CC444394731.htm,成安(北京)科技发展有限公司,30000-40000
python全栈开发工程师,http://company.zhaopin.com/CC174786810D90250062000.htm,大唐奇安网络科技有限公司,10000-20000
Python开发工程师,http://company.zhaopin.com/CC693696125.htm,乐飞天下信息技术(北京)有限公司,15001-20000
python开发工程师,http://company.zhaopin.com/%E4%BA%91%E5%92%8C%E6%81%A9%E5%A2%A8%28%E5%8C%97%E4%BA%AC%29%E4%BF%A1%E6%81%AF%E6%8A%80%E6%9C%AF%E6%9C%89%E9%99%90%E5%85%AC%E5%8F%B8_CC401559422.htm,云和恩墨(北京)信息技术有限公司,15000-18000
Python开发工程师,http://company.zhaopin.com/%E4%BC%98%E8%B4%AD%E7%A7%91%E6%8A%80%E6%9C%89%E9%99%90%E5%85%AC%E5%8F%B8_CC420891816.htm,优购科技有限公司,10001-15000
Python开发工程师,http://company.zhaopin.com/CC511978684.htm,中智教育科技有限公司,10001-15000
python开发工程师,http://company.zhaopin.com/%E5%A4%A7%E5%94%90%E8%81%94%E8%AF%9A%E4%BF%A1%E6%81%AF%E7%B3%BB%E7%BB%9F%E6%8A%80%E6%9C%AF%E6%9C%89%E9%99%90%E5%85%AC%E5%8F%B8_CC174786810D90000028000.htm,大唐联诚信息系统技术有限公司,9000-18000
Python开发工程师,http://company.zhaopin.com/CC626779422.htm,北京一点网聚信息技术有限公司,20000-40000
后台开发工程师（Python）,http://company.zhaopin.com/CC482177434.htm,北京厨芯科技有限公司,20001-30000
"Web前/后端开发工程师（PHP,Python）",http://company.zhaopin.com/CZ246362730.htm,北京奇安信科技有限公司,15000-30000
服务端开发工程师（C++、Python、Golang）,http://company.zhaopin.com/CZ246362730.htm,北京奇安信科技有限公司,15000-30000
Python开发工程师,http://company.zhaopin.com/CC157238429.htm,北京首跃科技有限公司,15001-20000
Python开发工程师,http://company.zhaopin.com/CC230388786.htm,北京微迅联创科技有限公司,20000-35000
Python中高级开发工程师,http://company.zhaopin.com/CC655747121.htm,中科富创(北京)科技有限公司,20000-30000
Python软件开发工程师,http://company.zhaopin.com/CC394261836.htm,叠云(北京)科技股份有限公司,6000-12000
Python爬虫开发工程师,http://company.zhaopin.com/CZ408806830.htm,北京斯图飞腾科技有限公司,15000-25000
python中高级开发工程师,http://company.zhaopin.com/CZ132535540.htm,北京爱知世元网络科技发展有限公司,15001-20000
